<?xml version="1.0" encoding="UTF-8"?>
<!--GENERATED BY:  Lectora Inspire v.16.0(10296) (http://www.trivantis.com) -->

<meta xmlns:xsi="http://www.w3.org/2001/XMLSchema-instance"
      xmlns:xsd="http://www.w3.org/2001/XMLSchema">
  <project courseid="http://www.uniqueurl.com/Resilience" title="Resilience" >
    <description>
      <langstring xml:lang="en">Course Description Goes Here</langstring>
    </description>
    <keywords>
      <keyword>
        <langstring xml:lang="en">Resilience</langstring>
      </keyword>
    </keywords>
  </project>
</meta>
