<?xml version="1.0" encoding="UTF-8"?>
<!--GENERATED BY:  Lectora Inspire v.16.0(10296) (http://www.trivantis.com) -->

<tincan xmlns:xsi="http://www.w3.org/2001/XMLSchema-instance"
        xmlns:xsd="http://www.w3.org/2001/XMLSchema"
        xmlns="http://projecttincan.com/tincan.xsd">
	<activities>
		<activity id="http://www.uniqueurl.com/Resilience" type="http://adlnet.gov/expapi/activities/course">
			<name lang="und">Resilience</name>
			<description lang="und">Course Description Goes Here</description>
			<launch lang="und">a001index.html</launch>
		</activity>
	</activities>
</tincan>
